ID,name,description,createdAt,createdBy,modifiedAt,modifiedBy
28921021-983a-424f-bb0f-a9ec8bbcd6ce,name-28921021,description-28921021,2015-01-25T23:00:00.000Z,createdBy.h7vlp@example.com,2001-12-24T23:00:00.000Z,modifiedBy.h7vlp@example.com
14263140-0248-46cd-a9f4-8768457620dc,name-14263140,description-14263140,2012-03-21T23:00:00.000Z,createdBy.8hpic@example.org,2011-04-24T23:00:00.000Z,modifiedBy.8hpic@example.net
14263141-db5c-46bc-9ffc-167c35b39f64,name-14263141,description-14263141,2008-08-22T23:00:00.000Z,createdBy.8hpid@example.net,2000-01-18T23:00:00.000Z,modifiedBy.8hpid@example.net
14263142-0d61-4bcb-9d9c-1e89bc402b37,name-14263142,description-14263142,2006-02-06T23:00:00.000Z,createdBy.8hpie@example.org,2018-10-29T23:00:00.000Z,modifiedBy.8hpie@example.com
14263143-1f49-45c8-8c75-5317eb75d38a,name-14263143,description-14263143,2014-07-16T23:00:00.000Z,createdBy.8hpif@example.org,2018-04-22T23:00:00.000Z,modifiedBy.8hpif@example.net
14263144-9a6c-4ca1-bf1e-b83045b32602,name-14263144,description-14263144,2005-03-12T23:00:00.000Z,createdBy.8hpig@example.net,2002-08-24T23:00:00.000Z,modifiedBy.8hpig@example.com
14263145-97b3-444c-8996-4324b423e2c1,name-14263145,description-14263145,2007-05-04T23:00:00.000Z,createdBy.8hpih@example.org,2011-06-16T23:00:00.000Z,modifiedBy.8hpih@example.com
14263146-290b-43fc-8b51-ff32c1c0dc30,name-14263146,description-14263146,2020-02-16T23:00:00.000Z,createdBy.8hpii@example.org,2008-12-12T23:00:00.000Z,modifiedBy.8hpii@example.net
14263147-1e1c-4b31-b9db-47bfbf812586,name-14263147,description-14263147,2010-03-23T23:00:00.000Z,createdBy.8hpij@example.net,2007-11-13T23:00:00.000Z,modifiedBy.8hpij@example.org
14263148-b42a-4af8-95d4-616265324a90,name-14263148,description-14263148,2022-08-25T23:00:00.000Z,createdBy.8hpik@example.net,2007-03-08T23:00:00.000Z,modifiedBy.8hpik@example.net
